{   "query_retry": {"tries": 4, "delay": 300}, 
    "check_length": 850,
    "query_back": 150, 
    "multiprocess": 5, 
    "feature_lookback": 15, 
    "feature_forward": 5, 
    "feature_requirement": "whole", 
    "writing_table": "PREDICTION", 
    "db_host": "128.110.13.89", 
    "db_user": "OpenData", 
    "db_pwd_key": "yFn37HvhJN2XPrV61AIk8eOG8MJw0lBXP2r32CJaPmk=", 
    "db_charset": "utf8", 
    "db": "OpenData",  
    "writing_exists": "append", 
    "writing_chunksize": 1000, 
    "log_path": "output/log/log_", 
    "result_path": "output/prediction/prediction_", 
    "feature_path": "output/feature/feature_",
    "preserve_days": 30,
    "prediction_retry": {"tries": 5, "delay": 120},
    "predict_url": "http://128.110.238.61:8080/predict",
    "telegram_retry": {"tries": 10, "delay": 20},
    "telegram_token": "1019885094:AAGjz96mPsceOdBS7gEyr-hsZSGC8awJtrM",
    "telegram_chatID": ["546577986", "997591563"]}