StockNo,ts,Y_0_score,Y_1_score
1104,2019-12-02,0.5931865572929382,0.4068134129047394
1108,2019-12-02,0.645817220211029,0.35418272018432617
1102,2019-12-02,0.6759589910507202,0.3240409791469574
1101,2019-12-02,0.6760457754135132,0.3239542245864868
1103,2019-12-02,0.7124426960945129,0.28755733370780945
1109,2019-12-02,0.7599566578865051,0.24004332721233368
1201,2019-12-02,0.6516724824905396,0.34832748770713806
1210,2019-12-02,0.28645479679107666,0.7135452032089233
1110,2019-12-02,0.284055233001709,0.7159446477890015
1203,2019-12-02,0.3512655198574066,0.6487345099449158
1213,2019-12-02,0.5011233687400818,0.4988766312599182
1216,2019-12-02,0.5892558693885803,0.4107441306114197
1215,2019-12-02,0.6018630862236023,0.3981369733810425
1217,2019-12-02,0.586288332939148,0.41371166706085205
1218,2019-12-02,0.6240281462669373,0.37597182393074036
1219,2019-12-02,0.5818207263946533,0.41817915439605713
1220,2019-12-02,0.7131535410881042,0.28684645891189575
1225,2019-12-02,0.8582065105438232,0.1417934149503708
1227,2019-12-02,0.3945799171924591,0.6054201126098633
1229,2019-12-02,0.6387799382209778,0.36122003197669983
1231,2019-12-02,0.4463956356048584,0.5536043643951416
1232,2019-12-02,0.3502008020877838,0.6497991681098938
1233,2019-12-02,0.562246561050415,0.43775343894958496
1234,2019-12-02,0.5876833200454712,0.41231662034988403
1235,2019-12-02,0.7063309550285339,0.29366904497146606
1236,2019-12-02,0.600745439529419,0.39925459027290344
1256,2019-12-02,0.7716289162635803,0.2283710241317749
1301,2019-12-02,0.4193883538246155,0.5806116461753845
1303,2019-12-02,0.5167122483253479,0.4832877516746521
1304,2019-12-02,0.4661693572998047,0.5338307023048401
1305,2019-12-02,0.765032947063446,0.23496703803539276
1307,2019-12-02,0.3516891300678253,0.6483108997344971
1308,2019-12-02,0.6752161383628845,0.32478389143943787
1310,2019-12-02,0.7568363547325134,0.2431635558605194
1309,2019-12-02,0.6006059646606445,0.39939403533935547
1312,2019-12-02,0.7770393490791321,0.2229606956243515
1313,2019-12-02,0.6269107460975647,0.3730892241001129
1314,2019-12-02,0.6141142845153809,0.3858857750892639
1315,2019-12-02,0.5381755828857422,0.46182435750961304
1316,2019-12-02,0.3233470916748047,0.6766529083251953
1319,2019-12-02,0.43110212683677673,0.5688978433609009
1323,2019-12-02,0.5308480858802795,0.46915191411972046
1321,2019-12-02,0.5536185503005981,0.44638144969940186
1324,2019-12-02,0.3505592346191406,0.6494406461715698
1325,2019-12-02,0.27649062871932983,0.7235093712806702
1326,2019-12-02,0.6532806158065796,0.3467193841934204
1337,2019-12-02,0.6581896543502808,0.34181028604507446
1338,2019-12-02,0.7400985360145569,0.2599014341831207
1339,2019-12-02,0.7247851490974426,0.2752148509025574
1340,2019-12-02,0.6242480874061584,0.37575194239616394
1341,2019-12-02,0.3674880862236023,0.6325119137763977
1402,2019-12-02,0.68902188539505,0.31097811460494995
1413,2019-12-02,0.3603890538215637,0.6396109461784363
1409,2019-12-02,0.6713883280754089,0.32861170172691345
1414,2019-12-02,0.40459567308425903,0.595404326915741
1417,2019-12-02,0.5025452375411987,0.4974547326564789
1416,2019-12-02,0.5469118356704712,0.4530881643295288
1418,2019-12-02,0.6960815191268921,0.3039184510707855
1419,2019-12-02,0.38050439953804016,0.6194956302642822
1423,2019-12-02,0.44788116216659546,0.5521187782287598
1432,2019-12-02,0.7395519614219666,0.2604479491710663
1435,2019-12-02,0.36894309520721436,0.6310569047927856
1436,2019-12-02,0.46068835258483887,0.5393115878105164
1434,2019-12-02,0.7563701272010803,0.24362988770008087
1437,2019-12-02,0.6703911423683167,0.32960882782936096
1438,2019-12-02,0.5384654402732849,0.4615345597267151
1439,2019-12-02,0.4608578085899353,0.5391421318054199
1441,2019-12-02,0.633739709854126,0.366260290145874
1440,2019-12-02,0.6375215649604797,0.36247846484184265
1442,2019-12-02,0.18846838176250458,0.811531662940979
1443,2019-12-02,0.4700068533420563,0.5299931168556213
1444,2019-12-02,0.5459256768226624,0.45407432317733765
1445,2019-12-02,0.6046631336212158,0.3953368365764618
1446,2019-12-02,0.5175520181655884,0.4824479818344116
1447,2019-12-02,0.6383305191993713,0.36166948080062866
1449,2019-12-02,0.10654497891664505,0.8934549689292908
1451,2019-12-02,0.5988481044769287,0.4011518657207489
1452,2019-12-02,0.4092218577861786,0.590778112411499
1453,2019-12-02,0.2762138247489929,0.7237861752510071
1454,2019-12-02,0.5797024965286255,0.4202974736690521
1455,2019-12-02,0.3893073499202728,0.61069256067276
1456,2019-12-02,0.1453864425420761,0.8546135425567627
1459,2019-12-02,0.4810023903846741,0.5189975500106812
1457,2019-12-02,0.6399471759796143,0.36005279421806335
1460,2019-12-02,0.7555313110351562,0.24446868896484375
1463,2019-12-02,0.5176726579666138,0.48232725262641907
1464,2019-12-02,0.702980101108551,0.2970198690891266
1465,2019-12-02,0.39743465185165405,0.602565348148346
1466,2019-12-02,0.36128729581832886,0.6387126445770264
1467,2019-12-02,0.5937038660049438,0.40629610419273376
1468,2019-12-02,0.5303974151611328,0.4696025848388672
1470,2019-12-02,0.6859899759292603,0.31401002407073975
1471,2019-12-02,0.6371115446090698,0.3628883957862854
1472,2019-12-02,0.7655878067016602,0.23441214859485626
1473,2019-12-02,0.5656526684761047,0.4343473017215729
1474,2019-12-02,0.5392689108848572,0.46073102951049805
1475,2019-12-02,0.36185422539711,0.6381457448005676
1476,2019-12-02,0.6376909017562866,0.362309068441391
1477,2019-12-02,0.6224480867385864,0.3775518834590912
1503,2019-12-02,0.6150480508804321,0.3849519193172455
1504,2019-12-02,0.5228709578514099,0.4771290421485901
1506,2019-12-02,0.6971184611320496,0.30288150906562805
1507,2019-12-02,0.5833196043968201,0.4166802763938904
1512,2019-12-02,0.46796852350234985,0.5320314764976501
1513,2019-12-02,0.6425726413726807,0.35742735862731934
1515,2019-12-02,0.8517739176750183,0.1482260823249817
1516,2019-12-02,0.4018860459327698,0.5981138944625854
1514,2019-12-02,0.7520649433135986,0.24793504178524017
1517,2019-12-02,0.30221423506736755,0.6977856755256653
1519,2019-12-02,0.5762881636619568,0.423711895942688
1521,2019-12-02,0.6701116561889648,0.32988834381103516
1522,2019-12-02,0.6237375140190125,0.37626245617866516
1524,2019-12-02,0.47887808084487915,0.5211219191551208
1525,2019-12-02,0.6161367893218994,0.3838631212711334
1526,2019-12-02,0.7909319400787354,0.20906808972358704
1527,2019-12-02,0.6504184603691101,0.3495815098285675
1528,2019-12-02,0.5019548535346985,0.4980451762676239
1529,2019-12-02,0.65477055311203,0.3452294170856476
1530,2019-12-02,0.6949564814567566,0.3050435185432434
1531,2019-12-02,0.6686277389526367,0.3313722014427185
1532,2019-12-02,0.5936486124992371,0.4063512682914734
1533,2019-12-02,0.7391614317893982,0.2608385682106018
1535,2019-12-02,0.64690101146698,0.35309898853302
1536,2019-12-02,0.6688513159751892,0.3311486840248108
1537,2019-12-02,0.6226029396057129,0.3773970305919647
1538,2019-12-02,0.7726749181747437,0.22732505202293396
1539,2019-12-02,0.5395267605781555,0.4604732096195221
1540,2019-12-02,0.5506842732429504,0.4493156373500824
1541,2019-12-02,0.673447847366333,0.3265521228313446
1560,2019-12-02,0.48765134811401367,0.5123486518859863
1558,2019-12-02,0.513347327709198,0.4866526424884796
1568,2019-12-02,0.6578089594841003,0.3421909511089325
1582,2019-12-02,0.7033784985542297,0.2966214716434479
1583,2019-12-02,0.5943012833595276,0.4056987762451172
1589,2019-12-02,0.8006194233894348,0.199380561709404
1587,2019-12-02,0.621860921382904,0.37813901901245117
1590,2019-12-02,0.5368269085884094,0.4631730616092682
1592,2019-12-02,0.5152207612991333,0.4847792387008667
1598,2019-12-02,0.7725166082382202,0.2274833619594574
1603,2019-12-02,0.631501317024231,0.36849868297576904
1604,2019-12-02,0.5416715145111084,0.4583284556865692
1605,2019-12-02,0.6396876573562622,0.3603123724460602
1608,2019-12-02,0.4457733929157257,0.5542266964912415
1609,2019-12-02,0.6045010089874268,0.39549899101257324
1611,2019-12-02,0.680801510810852,0.3191983997821808
1612,2019-12-02,0.4710231423377991,0.5289767980575562
1614,2019-12-02,0.4758050739765167,0.5241948962211609
1615,2019-12-02,0.7237230539321899,0.27627691626548767
1616,2019-12-02,0.5800433158874512,0.41995668411254883
1617,2019-12-02,0.6494649648666382,0.350535124540329
1618,2019-12-02,0.6540495157241821,0.3459504544734955
1626,2019-12-02,0.6116735935211182,0.38832640647888184
1701,2019-12-02,0.6611347198486328,0.3388652801513672
1702,2019-12-02,0.5998420715332031,0.4001579284667969
1707,2019-12-02,0.4970957040786743,0.5029042959213257
1708,2019-12-02,0.6619135737419128,0.33808642625808716
1710,2019-12-02,0.46330875158309937,0.5366912484169006
1711,2019-12-02,0.5929288864135742,0.4070711135864258
1712,2019-12-02,0.6576489806175232,0.3423509895801544
1713,2019-12-02,0.5950806140899658,0.4049193561077118
1714,2019-12-02,0.41835689544677734,0.5816431045532227
1717,2019-12-02,0.7634093165397644,0.2365906685590744
1718,2019-12-02,0.37307554483413696,0.6269243955612183
1720,2019-12-02,0.7527563571929932,0.24724362790584564
1721,2019-12-02,0.4606287181377411,0.5393712520599365
1723,2019-12-02,0.6776910424232483,0.3223089575767517
1722,2019-12-02,0.575110137462616,0.4248898923397064
1724,2019-12-02,0.5993481874465942,0.4006517827510834
1725,2019-12-02,0.6670856475830078,0.3329143524169922
1726,2019-12-02,0.6640981435775757,0.3359018564224243
1727,2019-12-02,0.7084062099456787,0.2915938198566437
1730,2019-12-02,0.6943827867507935,0.30561721324920654
1731,2019-12-02,0.6141407489776611,0.3858592212200165
1732,2019-12-02,0.7325030565261841,0.2674969732761383
1733,2019-12-02,0.6912626624107361,0.3087373971939087
1734,2019-12-02,0.5860231518745422,0.4139768183231354
1735,2019-12-02,0.7674113512039185,0.23258866369724274
1736,2019-12-02,0.6754418611526489,0.3245581090450287
1737,2019-12-02,0.39597705006599426,0.6040229797363281
1760,2019-12-02,0.6968788504600525,0.30312108993530273
1773,2019-12-02,0.7007455229759216,0.29925453662872314
1776,2019-12-02,0.7014089822769165,0.2985909581184387
1762,2019-12-02,0.8323336839675903,0.16766636073589325
1783,2019-12-02,0.6776082515716553,0.3223917782306671
1786,2019-12-02,0.7709195017814636,0.22908054292201996
1789,2019-12-02,0.679157018661499,0.3208429515361786
1802,2019-12-02,0.3112203776836395,0.6887795925140381
1805,2019-12-02,0.6442890167236328,0.3557109832763672
1806,2019-12-02,0.5655477643013,0.43445223569869995
1808,2019-12-02,0.35668230056762695,0.643317699432373
1809,2019-12-02,0.5883778929710388,0.4116221070289612
1810,2019-12-02,0.5988979935646057,0.4011019766330719
1817,2019-12-02,0.42829230427742004,0.5717076659202576
1902,2019-12-02,0.6720893979072571,0.3279106020927429
1903,2019-12-02,0.759956419467926,0.24004359543323517
1904,2019-12-02,0.6867997050285339,0.31320029497146606
1905,2019-12-02,0.6191279292106628,0.38087204098701477
1906,2019-12-02,0.5116309523582458,0.48836904764175415
1907,2019-12-02,0.624807596206665,0.37519240379333496
1909,2019-12-02,0.7054460048675537,0.2945539653301239
2002,2019-12-02,0.5697636008262634,0.4302363991737366
2007,2019-12-02,0.5825304388999939,0.4174695611000061
2006,2019-12-02,0.35849979519844055,0.6415002346038818
2008,2019-12-02,0.4907229542732239,0.5092769861221313
2009,2019-12-02,0.6432366967201233,0.3567633032798767
2010,2019-12-02,0.5533294081687927,0.4466705918312073
2013,2019-12-02,0.5916272401809692,0.4083727300167084
2012,2019-12-02,0.4819168746471405,0.5180830955505371
2014,2019-12-02,0.703317403793335,0.2966826260089874
2015,2019-12-02,0.6707823276519775,0.3292176425457001
2017,2019-12-02,0.36055582761764526,0.6394441723823547
2020,2019-12-02,0.6907946467399597,0.3092053532600403
2022,2019-12-02,0.7282145619392395,0.2717854678630829
2023,2019-12-02,0.6327747702598572,0.36722514033317566
2024,2019-12-02,0.628067135810852,0.3719327747821808
2027,2019-12-02,0.7805107235908508,0.21948932111263275
2025,2019-12-02,0.14807625114917755,0.8519237041473389
2028,2019-12-02,0.5935497283935547,0.4064502716064453
2029,2019-12-02,0.6170044541358948,0.38299551606178284
2030,2019-12-02,0.7162771224975586,0.28372278809547424
2031,2019-12-02,0.8263161778450012,0.17368370294570923
2033,2019-12-02,0.7456755042076111,0.2543245255947113
2032,2019-12-02,0.5191020369529724,0.4808979630470276
2034,2019-12-02,0.6569717526435852,0.3430282771587372
2038,2019-12-02,0.33277228474617004,0.6672276854515076
2059,2019-12-02,0.5588268637657166,0.44117307662963867
2049,2019-12-02,0.3323420286178589,0.6676579713821411
2062,2019-12-02,0.752234935760498,0.24776507914066315
2069,2019-12-02,0.7438445091247559,0.25615549087524414
2101,2019-12-02,0.6874504089355469,0.31254953145980835
2102,2019-12-02,0.48079654574394226,0.5192034244537354
2103,2019-12-02,0.6986215710639954,0.30137842893600464
2104,2019-12-02,0.6652165055274963,0.3347834348678589
2105,2019-12-02,0.692688524723053,0.3073115050792694
2106,2019-12-02,0.6532167792320251,0.3467831611633301
2107,2019-12-02,0.5311945080757141,0.4688054919242859
2108,2019-12-02,0.6987708210945129,0.3012291193008423
2109,2019-12-02,0.7160016298294067,0.2839983403682709
2114,2019-12-02,0.43113815784454346,0.5688618421554565
2115,2019-12-02,0.8248981833457947,0.17510178685188293
2201,2019-12-02,0.48097991943359375,0.5190200805664062
2206,2019-12-02,0.6530505418777466,0.3469494581222534
2207,2019-12-02,0.283852756023407,0.7161471247673035
2208,2019-12-02,0.6655543446540833,0.33444565534591675
2227,2019-12-02,0.5183961391448975,0.48160383105278015
2228,2019-12-02,0.7950295805931091,0.20497046411037445
2233,2019-12-02,0.6887098550796509,0.31129005551338196
2231,2019-12-02,0.6881207227706909,0.3118791878223419
2236,2019-12-02,0.7005757689476013,0.2994242310523987
2239,2019-12-02,0.5697329044342041,0.4302670955657959
2243,2019-12-02,0.6667568683624268,0.33324307203292847
2302,2019-12-02,0.3341519236564636,0.6658480763435364
2301,2019-12-02,0.7529118061065674,0.24708819389343262
2303,2019-12-02,0.41666609048843384,0.5833339095115662
2305,2019-12-02,0.7367300987243652,0.2632698714733124
2308,2019-12-02,0.4662569463253021,0.5337430238723755
2313,2019-12-02,0.5449742078781128,0.4550257623195648
2312,2019-12-02,0.728005051612854,0.2719949185848236
2314,2019-12-02,0.7864051461219788,0.21359485387802124
2317,2019-12-02,0.5607682466506958,0.43923166394233704
2321,2019-12-02,0.7953550815582275,0.20464491844177246
2323,2019-12-02,0.23458263278007507,0.7654173374176025
2324,2019-12-02,0.6299425959587097,0.3700573742389679
2327,2019-12-02,0.35088247060775757,0.6491174697875977
2329,2019-12-02,0.7978911995887756,0.20210883021354675
2328,2019-12-02,0.7627947330474854,0.23720526695251465
2330,2019-12-02,0.3974449038505554,0.6025550961494446
2331,2019-12-02,0.573545515537262,0.42645448446273804
2332,2019-12-02,0.7272903323173523,0.27270957827568054
2338,2019-12-02,0.2702676057815552,0.7297323942184448
2337,2019-12-02,0.3614538013935089,0.6385461688041687
2340,2019-12-02,0.5269879698753357,0.47301197052001953
2342,2019-12-02,0.7250769734382629,0.2749229669570923
2344,2019-12-02,0.6879671812057495,0.3120327293872833
2345,2019-12-02,0.7725281119346619,0.22747187316417694
2347,2019-12-02,0.6273211240768433,0.37267887592315674
2348,2019-12-02,0.6009658575057983,0.39903414249420166
2349,2019-12-02,0.2817039489746094,0.7182960510253906
2351,2019-12-02,0.7380390167236328,0.2619609534740448
2352,2019-12-02,0.7117959260940552,0.28820398449897766
2353,2019-12-02,0.7742310762405396,0.22576886415481567
2354,2019-12-02,0.6385395526885986,0.3614603579044342
2355,2019-12-02,0.7472562193870544,0.25274375081062317
2356,2019-12-02,0.6372703909873962,0.362729549407959
2357,2019-12-02,0.726317286491394,0.27368268370628357
2358,2019-12-02,0.5715243816375732,0.42847558856010437
2359,2019-12-02,0.7084526419639587,0.29154735803604126
2360,2019-12-02,0.6748369336128235,0.3251630961894989
2362,2019-12-02,0.299471914768219,0.700528085231781
2364,2019-12-02,0.2424250990152359,0.7575749158859253
2363,2019-12-02,0.6024669408798218,0.39753302931785583
2365,2019-12-02,0.6002501845359802,0.3997498154640198
2367,2019-12-02,0.8436338901519775,0.15636615455150604
2368,2019-12-02,0.6795415282249451,0.32045844197273254
2369,2019-12-02,0.7751351594924927,0.2248648852109909
2371,2019-12-02,0.7792893648147583,0.22071059048175812
2373,2019-12-02,0.7067040801048279,0.2932959198951721
2374,2019-12-02,0.6239880323410034,0.3760119080543518
2375,2019-12-02,0.7453584671020508,0.25464150309562683
2376,2019-12-02,0.5853835344314575,0.4146164357662201
2379,2019-12-02,0.7995466589927673,0.20045334100723267
2377,2019-12-02,0.6637977361679077,0.3362022340297699
2382,2019-12-02,0.6195898056030273,0.38041019439697266
2383,2019-12-02,0.7773046493530273,0.22269535064697266
2385,2019-12-02,0.7683466672897339,0.23165324330329895
2387,2019-12-02,0.7666741013526917,0.23332585394382477
2388,2019-12-02,0.7250921726226807,0.27490779757499695
2390,2019-12-02,0.6896077394485474,0.3103921711444855
2392,2019-12-02,0.43629634380340576,0.5637036561965942
2393,2019-12-02,0.450909823179245,0.5490902066230774
2397,2019-12-02,0.6534289121627808,0.3465709686279297
2395,2019-12-02,0.6195082068443298,0.38049179315567017
2399,2019-12-02,0.6825418472290039,0.3174580931663513
2401,2019-12-02,0.7310107350349426,0.2689892649650574
2402,2019-12-02,0.816209077835083,0.18379084765911102
2404,2019-12-02,0.38946449756622314,0.6105354428291321
2405,2019-12-02,0.34524279832839966,0.6547571420669556
2408,2019-12-02,0.4994370937347412,0.5005629062652588
2412,2019-12-02,0.5411590337753296,0.458840936422348
2409,2019-12-02,0.2987481653690338,0.7012518048286438
2414,2019-12-02,0.5966861844062805,0.4033138155937195
2413,2019-12-02,0.8149131536483765,0.18508686125278473
2415,2019-12-02,0.6017035245895386,0.39829641580581665
2417,2019-12-02,0.5998201370239258,0.4001798629760742
2419,2019-12-02,0.4088640511035919,0.5911359190940857
2420,2019-12-02,0.5992276072502136,0.40077242255210876
2421,2019-12-02,0.7734593749046326,0.22654062509536743
2423,2019-12-02,0.6268472075462341,0.3731527626514435
2424,2019-12-02,0.44780901074409485,0.5521910190582275
2425,2019-12-02,0.7236465215682983,0.2763534486293793
2426,2019-12-02,0.6951227188110352,0.30487722158432007
2427,2019-12-02,0.5178349018096924,0.48216506838798523
2428,2019-12-02,0.5070036053657532,0.4929963946342468
2429,2019-12-02,0.1751324087381363,0.8248676061630249
2430,2019-12-02,0.6732314825057983,0.32676851749420166
2431,2019-12-02,0.7551034092903137,0.2448965460062027
2434,2019-12-02,0.23636333644390106,0.763636589050293
2433,2019-12-02,0.698734700679779,0.3012652099132538
2436,2019-12-02,0.7396256923675537,0.2603742778301239
2438,2019-12-02,0.43465182185173035,0.5653481483459473
2439,2019-12-02,0.5975450277328491,0.4024549722671509
2440,2019-12-02,0.41593635082244873,0.5840636491775513
2441,2019-12-02,0.7325107455253601,0.2674892246723175
2442,2019-12-02,0.7240894436836243,0.2759106457233429
2443,2019-12-02,0.4353180229663849,0.5646820068359375
2444,2019-12-02,0.5238193273544312,0.47618067264556885
2448,2019-12-02,0.6960130333900452,0.30398696660995483
2449,2019-12-02,0.7302360534667969,0.26976385712623596
2450,2019-12-02,0.5111953020095825,0.4888046979904175
2451,2019-12-02,0.5209440588951111,0.47905588150024414
2453,2019-12-02,0.7469232082366943,0.2530767619609833
2454,2019-12-02,0.67779541015625,0.3222046196460724
2455,2019-12-02,0.7580634951591492,0.2419365644454956
2456,2019-12-02,0.3196795880794525,0.6803204417228699
2457,2019-12-02,0.6929349899291992,0.3070649206638336
2458,2019-12-02,0.7978758215904236,0.20212411880493164
2459,2019-12-02,0.6483884453773499,0.35161155462265015
2460,2019-12-02,0.6935504078865051,0.30644962191581726
2461,2019-12-02,0.7475347518920898,0.25246521830558777
2464,2019-12-02,0.6640772819519043,0.33592262864112854
2462,2019-12-02,0.7081631422042847,0.29183685779571533
2465,2019-12-02,0.6287413835525513,0.37125861644744873
2466,2019-12-02,0.423622727394104,0.576377272605896
2467,2019-12-02,0.5817022323608398,0.4182977080345154
2472,2019-12-02,0.4022463262081146,0.5977537035942078
2468,2019-12-02,0.28362587094306946,0.7163740992546082
2471,2019-12-02,0.6799973249435425,0.3200026750564575
2474,2019-12-02,0.754108726978302,0.24589136242866516
2477,2019-12-02,0.7885040044784546,0.2114960104227066
2476,2019-12-02,0.38115912675857544,0.6188408732414246
2481,2019-12-02,0.8240567445755005,0.1759432554244995
2482,2019-12-02,0.7081634402275085,0.29183658957481384
2480,2019-12-02,0.5905062556266785,0.40949374437332153
2483,2019-12-02,0.5955947041511536,0.40440526604652405
2485,2019-12-02,0.7632109522819519,0.2367890179157257
2484,2019-12-02,0.3015941381454468,0.6984058022499084
2486,2019-12-02,0.5742743015289307,0.42572569847106934
2488,2019-12-02,0.7356827855110168,0.2643171548843384
2489,2019-12-02,0.5190674662590027,0.4809325337409973
2491,2019-12-02,0.7596529722213745,0.24034695327281952
2493,2019-12-02,0.6701507568359375,0.3298492431640625
2492,2019-12-02,0.44365522265434265,0.5563446879386902
2495,2019-12-02,0.6675817966461182,0.33241820335388184
2496,2019-12-02,0.6659695506095886,0.33403053879737854
2497,2019-12-02,0.7847689390182495,0.21523110568523407
2498,2019-12-02,0.5656615495681763,0.43433845043182373
2499,2019-12-02,0.5600324273109436,0.4399675726890564
2501,2019-12-02,0.5792114734649658,0.4207885265350342
2504,2019-12-02,0.5822755098342896,0.41772451996803284
2506,2019-12-02,0.5166890025138855,0.4833109974861145
2505,2019-12-02,0.21940527856349945,0.7805947661399841
2509,2019-12-02,0.6325544118881226,0.36744558811187744
2514,2019-12-02,0.6695181131362915,0.33048194646835327
2511,2019-12-02,0.5624934434890747,0.4375065565109253
2516,2019-12-02,0.422037273645401,0.5779626965522766
2520,2019-12-02,0.18541188538074493,0.8145880699157715
2515,2019-12-02,0.570499837398529,0.42950010299682617
2527,2019-12-02,0.5120405554771423,0.48795944452285767
2524,2019-12-02,0.44085168838500977,0.5591482520103455
2528,2019-12-02,0.7913241982460022,0.20867574214935303
2530,2019-12-02,0.6523188352584839,0.34768110513687134
2534,2019-12-02,0.7059149742126465,0.29408496618270874
2535,2019-12-02,0.7274795174598694,0.2725204527378082
2536,2019-12-02,0.3455529808998108,0.6544470191001892
2538,2019-12-02,0.5176806449890137,0.48231932520866394
2537,2019-12-02,0.670936107635498,0.32906395196914673
2539,2019-12-02,0.27950626611709595,0.7204936742782593
2540,2019-12-02,0.20203563570976257,0.797964334487915
2542,2019-12-02,0.4642275869846344,0.5357723832130432
2543,2019-12-02,0.8087151646614075,0.19128474593162537
2545,2019-12-02,0.16916820406913757,0.8308318257331848
2546,2019-12-02,0.5311877131462097,0.46881231665611267
2547,2019-12-02,0.60137540102005,0.39862456917762756
2548,2019-12-02,0.5967897772789001,0.40321022272109985
2601,2019-12-02,0.6874956488609314,0.3125043511390686
2597,2019-12-02,0.5796296000480652,0.4203703701496124
2603,2019-12-02,0.6764286160469055,0.32357147336006165
2605,2019-12-02,0.6109833717346191,0.3890165686607361
2606,2019-12-02,0.5610975027084351,0.43890246748924255
2607,2019-12-02,0.3281010091304779,0.6718989610671997
2608,2019-12-02,0.6046546101570129,0.3953453302383423
2609,2019-12-02,0.179518923163414,0.8204810619354248
2610,2019-12-02,0.5462510585784912,0.453748881816864
2611,2019-12-02,0.552030622959137,0.44796931743621826
2612,2019-12-02,0.5848273634910583,0.41517260670661926
2613,2019-12-02,0.16915588080883026,0.8308441042900085
2614,2019-12-02,0.5845985412597656,0.4154014587402344
2615,2019-12-02,0.5442008972167969,0.45579904317855835
2616,2019-12-02,0.3563080132007599,0.643691897392273
2617,2019-12-02,0.5204114317893982,0.4795885384082794
2618,2019-12-02,0.5048176050186157,0.4951823651790619
2630,2019-12-02,0.6858865022659302,0.3141134977340698
2633,2019-12-02,0.44789889454841614,0.5521010756492615
2634,2019-12-02,0.6042094826698303,0.3957905173301697
2636,2019-12-02,0.6540963649749756,0.345903605222702
2637,2019-12-02,0.6312423348426819,0.3687576353549957
2642,2019-12-02,0.7241565585136414,0.27584347128868103
2702,2019-12-02,0.5480563044548035,0.45194366574287415
2701,2019-12-02,0.38510581851005554,0.6148942112922668
2706,2019-12-02,0.4776013493537903,0.5223986506462097
2707,2019-12-02,0.6157981157302856,0.3842017948627472
2704,2019-12-02,0.28959521651268005,0.7104048132896423
2712,2019-12-02,0.36559194326400757,0.6344079971313477
2722,2019-12-02,0.8552390336990356,0.14476095139980316
2731,2019-12-02,0.6694563031196594,0.3305436968803406
2723,2019-12-02,0.6641181707382202,0.33588188886642456
2727,2019-12-02,0.6174050569534302,0.38259491324424744
2748,2019-12-02,0.7437750101089478,0.25622493028640747
2739,2019-12-02,0.6135036945343018,0.38649633526802063
2801,2019-12-02,0.5731796622276306,0.4268202781677246
2812,2019-12-02,0.5888988375663757,0.4111011326313019
2809,2019-12-02,0.5979597568511963,0.4020402431488037
2816,2019-12-02,0.5092283487319946,0.490771621465683
2823,2019-12-02,0.5413265228271484,0.45867347717285156
2832,2019-12-02,0.6024183034896851,0.39758169651031494
2820,2019-12-02,0.33571726083755493,0.6642827391624451
2834,2019-12-02,0.6636541485786438,0.3363458216190338
2841,2019-12-02,0.6916558146476746,0.3083442151546478
2838,2019-12-02,0.6329389810562134,0.36706098914146423
2836,2019-12-02,0.5224243402481079,0.4775756001472473
2845,2019-12-02,0.6099680066108704,0.39003199338912964
2849,2019-12-02,0.6766386032104492,0.323361337184906
2851,2019-12-02,0.5843145251274109,0.4156855046749115
2852,2019-12-02,0.5151153206825256,0.4848846197128296
2850,2019-12-02,0.6820488572120667,0.31795117259025574
2855,2019-12-02,0.6018465161323547,0.3981534540653229
2867,2019-12-02,0.7693855166435242,0.23061446845531464
2880,2019-12-02,0.5560247302055359,0.4439752399921417
2881,2019-12-02,0.6959422826766968,0.30405768752098083
2882,2019-12-02,0.5851419568061829,0.4148580729961395
2883,2019-12-02,0.6694256663322449,0.3305743336677551
2884,2019-12-02,0.4237464368343353,0.5762535333633423
2886,2019-12-02,0.5884337425231934,0.41156622767448425
2888,2019-12-02,0.5608397722244263,0.43916022777557373
2885,2019-12-02,0.5891427993774414,0.4108571410179138
2887,2019-12-02,0.5604896545410156,0.4395103454589844
2889,2019-12-02,0.4821244776248932,0.5178754925727844
2890,2019-12-02,0.5412180423736572,0.4587818682193756
2891,2019-12-02,0.5862767100334167,0.41372331976890564
2892,2019-12-02,0.43283095955848694,0.5671690106391907
2897,2019-12-02,0.5937967300415039,0.4062032103538513
2901,2019-12-02,0.5689464211463928,0.4310535192489624
2903,2019-12-02,0.656257152557373,0.3437427878379822
2904,2019-12-02,0.46136122941970825,0.5386387705802917
2905,2019-12-02,0.7269015312194824,0.2730984091758728
2906,2019-12-02,0.30690157413482666,0.6930984258651733
2908,2019-12-02,0.5655906200408936,0.43440940976142883
2911,2019-12-02,0.6066697835922241,0.3933302164077759
2910,2019-12-02,0.4026029407978058,0.5973970890045166
2912,2019-12-02,0.4995042383670807,0.5004957318305969
2913,2019-12-02,0.5462384819984436,0.4537614583969116
2915,2019-12-02,0.7321198582649231,0.2678801715373993
2923,2019-12-02,0.5891874432563782,0.41081252694129944
2929,2019-12-02,0.8697360157966614,0.130264014005661
2936,2019-12-02,0.14764972031116486,0.8523502945899963
2939,2019-12-02,0.7711279392242432,0.22887203097343445
3003,2019-12-02,0.825140655040741,0.17485931515693665
3002,2019-12-02,0.559285581111908,0.44071441888809204
3004,2019-12-02,0.42483359575271606,0.5751664042472839
3005,2019-12-02,0.5695066452026367,0.43049323558807373
3006,2019-12-02,0.7674073576927185,0.23259255290031433
3008,2019-12-02,0.27597808837890625,0.7240219116210938
3011,2019-12-02,0.47042930126190186,0.5295706987380981
3010,2019-12-02,0.6919532418251038,0.30804672837257385
3013,2019-12-02,0.5985303521156311,0.4014695882797241
3014,2019-12-02,0.7142850160598755,0.28571492433547974
3015,2019-12-02,0.32105621695518494,0.6789437532424927
3017,2019-12-02,0.7524002194404602,0.2475997805595398
3016,2019-12-02,0.816647469997406,0.18335242569446564
3018,2019-12-02,0.7475845217704773,0.2524154484272003
3019,2019-12-02,0.6534080505371094,0.34659186005592346
3022,2019-12-02,0.7396442294120789,0.26035574078559875
3021,2019-12-02,0.6014429330825806,0.3985570967197418
3023,2019-12-02,0.5106179118156433,0.4893820583820343
3024,2019-12-02,0.3202518820762634,0.6797481179237366
3026,2019-12-02,0.5561183094978333,0.44388166069984436
3028,2019-12-02,0.6207588315010071,0.3792411983013153
3025,2019-12-02,0.6690039038658142,0.3309961259365082
3027,2019-12-02,0.4509546160697937,0.5490453839302063
3029,2019-12-02,0.7920567393302917,0.20794326066970825
3030,2019-12-02,0.7445071935653687,0.2554927468299866
3031,2019-12-02,0.7627148032188416,0.23728515207767487
3032,2019-12-02,0.5604060292243958,0.43959400057792664
3033,2019-12-02,0.6446305513381958,0.3553694188594818
3034,2019-12-02,0.6998939514160156,0.3001059889793396
3035,2019-12-02,0.8061707019805908,0.1938292235136032
3036,2019-12-02,0.32559776306152344,0.6744022369384766
3037,2019-12-02,0.8143450617790222,0.1856549084186554
3038,2019-12-02,0.5768246054649353,0.4231753349304199
3040,2019-12-02,0.2897241413593292,0.7102758884429932
3044,2019-12-02,0.8025023937225342,0.19749756157398224
3043,2019-12-02,0.1784876137971878,0.8215123414993286
3042,2019-12-02,0.12515251338481903,0.8748474717140198
3045,2019-12-02,0.4555854797363281,0.5444145202636719
3046,2019-12-02,0.7467442154884338,0.2532557249069214
3049,2019-12-02,0.7772234678268433,0.22277644276618958
3048,2019-12-02,0.7801531553268433,0.21984685957431793
3050,2019-12-02,0.6447019577026367,0.3552980422973633
3047,2019-12-02,0.6636818051338196,0.3363182842731476
3051,2019-12-02,0.2950817942619324,0.7049182057380676
3052,2019-12-02,0.32691508531570435,0.6730848550796509
3055,2019-12-02,0.6945354342460632,0.3054644763469696
3054,2019-12-02,0.43892061710357666,0.5610793828964233
3056,2019-12-02,0.3581139147281647,0.6418861150741577
3057,2019-12-02,0.6251883506774902,0.3748116195201874
3058,2019-12-02,0.5826843976974487,0.41731560230255127
3062,2019-12-02,0.8081492185592651,0.19185076653957367
3059,2019-12-02,0.7078521847724915,0.29214778542518616
3060,2019-12-02,0.4611530303955078,0.5388469696044922
3090,2019-12-02,0.5375094413757324,0.4624905288219452
3094,2019-12-02,0.6878989338874817,0.31210097670555115
3130,2019-12-02,0.7151787281036377,0.2848212420940399
3149,2019-12-02,0.6603811383247375,0.3396187424659729
3164,2019-12-02,0.702543318271637,0.29745665192604065
3167,2019-12-02,0.4619588851928711,0.5380411148071289
3189,2019-12-02,0.7545199394226074,0.24548007547855377
3229,2019-12-02,0.5558313727378845,0.4441686272621155
3209,2019-12-02,0.7071303129196167,0.2928696274757385
3231,2019-12-02,0.6532105207443237,0.3467894196510315
3257,2019-12-02,0.6224648356437683,0.3775351345539093
3266,2019-12-02,0.6172724366188049,0.38272762298583984
3296,2019-12-02,0.5023631453514099,0.4976368248462677
3308,2019-12-02,0.7104825973510742,0.2895174026489258
3305,2019-12-02,0.8014907836914062,0.19850924611091614
3311,2019-12-02,0.6164801120758057,0.3835199177265167
3312,2019-12-02,0.6882928609848022,0.31170716881752014
3338,2019-12-02,0.6658235192298889,0.3341764807701111
3376,2019-12-02,0.8171263933181763,0.1828736662864685
3346,2019-12-02,0.5118229985237122,0.48817697167396545
3356,2019-12-02,0.64000403881073,0.35999596118927
3380,2019-12-02,0.7897592186927795,0.21024081110954285
3406,2019-12-02,0.6550331115722656,0.3449668884277344
3413,2019-12-02,0.8217266798019409,0.1782732754945755
3416,2019-12-02,0.5877923965454102,0.41220760345458984
3419,2019-12-02,0.7836530208587646,0.21634703874588013
3432,2019-12-02,0.44379615783691406,0.5562038421630859
3437,2019-12-02,0.7064465880393982,0.29355335235595703
3443,2019-12-02,0.8088540434837341,0.1911458522081375
3454,2019-12-02,0.7399597764015198,0.2600402534008026
3450,2019-12-02,0.7283228635787964,0.2716769874095917
3481,2019-12-02,0.2564408481121063,0.7435591816902161
3494,2019-12-02,0.6437779068946838,0.3562220633029938
3504,2019-12-02,0.38676944375038147,0.6132305264472961
3501,2019-12-02,0.660761833190918,0.33923810720443726
3515,2019-12-02,0.6539893746376038,0.34601059556007385
3518,2019-12-02,0.6924885511398315,0.30751147866249084
3528,2019-12-02,0.44636085629463196,0.5536391139030457
3530,2019-12-02,0.807990312576294,0.19200965762138367
3533,2019-12-02,0.6347431540489197,0.3652568459510803
3532,2019-12-02,0.6076034903526306,0.3923965096473694
3535,2019-12-02,0.7681817412376404,0.23181822896003723
3536,2019-12-02,0.17233878374099731,0.8276612758636475
3545,2019-12-02,0.5931865572929382,0.40681347250938416
3557,2019-12-02,0.6749235391616821,0.3250764310359955
3550,2019-12-02,0.5940680503845215,0.40593191981315613
3563,2019-12-02,0.7499508261680603,0.2500492036342621
3576,2019-12-02,0.8093706369400024,0.19062934815883636
3583,2019-12-02,0.4017508625984192,0.5982491374015808
3588,2019-12-02,0.7331070303916931,0.2668928802013397
3591,2019-12-02,0.47581747174263,0.5241825580596924
3593,2019-12-02,0.1765412539243698,0.8234586715698242
3596,2019-12-02,0.4297826588153839,0.5702173709869385
3607,2019-12-02,0.6067712306976318,0.3932287395000458
3605,2019-12-02,0.8034306168556213,0.19656933844089508
3617,2019-12-02,0.7265707850456238,0.27342918515205383
3622,2019-12-02,0.39597830176353455,0.6040216684341431
3645,2019-12-02,0.7551371455192566,0.24486273527145386
3653,2019-12-02,0.762804388999939,0.23719565570354462
3661,2019-12-02,0.765863299369812,0.23413661122322083
3665,2019-12-02,0.6764699220657349,0.32353004813194275
3669,2019-12-02,0.6079660654067993,0.3920339047908783
3673,2019-12-02,0.6699919104576111,0.3300080895423889
3679,2019-12-02,0.7902156114578247,0.2097843736410141
3682,2019-12-02,0.7552836537361145,0.24471625685691833
3694,2019-12-02,0.7339646816253662,0.2660352885723114
3698,2019-12-02,0.5580505728721619,0.44194936752319336
3701,2019-12-02,0.45220816135406494,0.5477918386459351
3703,2019-12-02,0.5039124488830566,0.4960874915122986
3702,2019-12-02,0.5350961685180664,0.4649037718772888
3704,2019-12-02,0.8312274217605591,0.16877254843711853
3705,2019-12-02,0.6691891551017761,0.3308108150959015
3706,2019-12-02,0.7024765014648438,0.29752352833747864
3708,2019-12-02,0.6531400680541992,0.3468598425388336
3711,2019-12-02,0.6041786670684814,0.39582133293151855
3712,2019-12-02,0.5732254385948181,0.4267744719982147
4104,2019-12-02,0.6709082126617432,0.32909175753593445
4106,2019-12-02,0.6984239220619202,0.30157607793807983
4119,2019-12-02,0.576611340045929,0.42338865995407104
4108,2019-12-02,0.7170247435569763,0.2829751968383789
4133,2019-12-02,0.35389235615730286,0.6461076140403748
4137,2019-12-02,0.813256561756134,0.18674342334270477
4141,2019-12-02,0.3461689054965973,0.6538310647010803
4142,2019-12-02,0.6896300911903381,0.3103698194026947
4144,2019-12-02,0.6460293531417847,0.35397064685821533
4155,2019-12-02,0.7951993942260742,0.2048005610704422
4148,2019-12-02,0.7249111533164978,0.27508875727653503
4164,2019-12-02,0.3363281190395355,0.6636718511581421
4190,2019-12-02,0.4301384687423706,0.5698615908622742
4306,2019-12-02,0.5811331868171692,0.4188667833805084
4414,2019-12-02,0.35390162467956543,0.6460983157157898
4426,2019-12-02,0.8267273306846619,0.17327266931533813
4438,2019-12-02,0.4526546001434326,0.5473453402519226
4532,2019-12-02,0.6132773160934448,0.3867226243019104
4526,2019-12-02,0.6840217709541321,0.3159782588481903
4536,2019-12-02,0.7275571227073669,0.27244287729263306
4540,2019-12-02,0.5138343572616577,0.4861656129360199
4545,2019-12-02,0.43370959162712097,0.5662903785705566
4551,2019-12-02,0.8127579092979431,0.1872420459985733
4552,2019-12-02,0.7250972390174866,0.27490267157554626
4555,2019-12-02,0.6358472108840942,0.36415278911590576
4557,2019-12-02,0.5273289084434509,0.4726710319519043
4560,2019-12-02,0.30649662017822266,0.6935033202171326
4562,2019-12-02,0.17031046748161316,0.8296895623207092
4571,2019-12-02,0.6348978877067566,0.3651021420955658
4564,2019-12-02,0.8031451106071472,0.1968548595905304
4566,2019-12-02,0.8029189705848694,0.19708098471164703
4572,2019-12-02,0.7797401547431946,0.22025984525680542
4576,2019-12-02,0.6276647448539734,0.372335284948349
4722,2019-12-02,0.6001225113868713,0.3998774588108063
4725,2019-12-02,0.7712493538856506,0.2287505716085434
4720,2019-12-02,0.6265926957130432,0.3734072744846344
4737,2019-12-02,0.12041466683149338,0.879585325717926
4739,2019-12-02,0.7689471244812012,0.2310529202222824
4746,2019-12-02,0.5520698428153992,0.4479301869869232
4755,2019-12-02,0.23660002648830414,0.7633998990058899
4763,2019-12-02,0.3588300943374634,0.6411699056625366
4764,2019-12-02,0.42217177152633667,0.5778282284736633
4766,2019-12-02,0.5044203996658325,0.4955796003341675
4807,2019-12-02,0.6097349524497986,0.39026498794555664
4904,2019-12-02,0.5274564623832703,0.47254350781440735
4906,2019-12-02,0.564179003238678,0.43582093715667725
4912,2019-12-02,0.5488077998161316,0.451192170381546
4915,2019-12-02,0.7818966507911682,0.21810324490070343
4916,2019-12-02,0.7518439292907715,0.24815601110458374
4919,2019-12-02,0.7659081816673279,0.23409180343151093
4930,2019-12-02,0.5452483892440796,0.454751580953598
4927,2019-12-02,0.767410159111023,0.23258979618549347
4934,2019-12-02,0.7098949551582336,0.29010507464408875
4935,2019-12-02,0.4804163873195648,0.5195835828781128
4938,2019-12-02,0.726594090461731,0.27340587973594666
4942,2019-12-02,0.5495246648788452,0.45047521591186523
4943,2019-12-02,0.7899453043937683,0.21005474030971527
4952,2019-12-02,0.3037691116333008,0.6962308287620544
4956,2019-12-02,0.7078913450241089,0.29210853576660156
4958,2019-12-02,0.6432746648788452,0.3567253053188324
4960,2019-12-02,0.5904388427734375,0.4095611572265625
4961,2019-12-02,0.3250524401664734,0.6749475002288818
4967,2019-12-02,0.4968588650226593,0.5031411051750183
4968,2019-12-02,0.7545263767242432,0.24547362327575684
4976,2019-12-02,0.8108652830123901,0.1891346573829651
4989,2019-12-02,0.47994834184646606,0.5200516581535339
4977,2019-12-02,0.6488096714019775,0.35119032859802246
4999,2019-12-02,0.768581211566925,0.23141878843307495
4994,2019-12-02,0.825964093208313,0.174035906791687
5007,2019-12-02,0.35986098647117615,0.6401389837265015
5215,2019-12-02,0.8241870403289795,0.17581292986869812
5203,2019-12-02,0.5336011648178101,0.46639880537986755
5234,2019-12-02,0.5310964584350586,0.46890348196029663
5225,2019-12-02,0.7626815438270569,0.23731833696365356
5243,2019-12-02,0.7101753354072571,0.2898246645927429
5258,2019-12-02,0.6960577964782715,0.3039422035217285
5264,2019-12-02,0.7927322387695312,0.20726773142814636
5269,2019-12-02,0.15822823345661163,0.8417717814445496
5283,2019-12-02,0.5203134417533875,0.47968652844429016
5284,2019-12-02,0.6653379201889038,0.3346620798110962
5285,2019-12-02,0.591995894908905,0.4080040752887726
5288,2019-12-02,0.5661645531654358,0.43383535742759705
5388,2019-12-02,0.7609285712242126,0.23907141387462616
5305,2019-12-02,0.586761474609375,0.413238525390625
5434,2019-12-02,0.5745112299919128,0.42548874020576477
5469,2019-12-02,0.7784538269042969,0.22154617309570312
5471,2019-12-02,0.6102558970451355,0.3897441029548645
5519,2019-12-02,0.6944855451583862,0.305514395236969
5521,2019-12-02,0.13942581415176392,0.8605742454528809
5484,2019-12-02,0.6977916359901428,0.3022083044052124
5522,2019-12-02,0.6246761083602905,0.3753238618373871
5525,2019-12-02,0.505677342414856,0.4943225681781769
5533,2019-12-02,0.6761190891265869,0.3238809108734131
5531,2019-12-02,0.6355464458465576,0.36445358395576477
5534,2019-12-02,0.6389825940132141,0.3610174357891083
5538,2019-12-02,0.7034851908683777,0.2965148091316223
5607,2019-12-02,0.27646782994270325,0.7235321402549744
5608,2019-12-02,0.3631383776664734,0.6368615627288818
5706,2019-12-02,0.6681402325630188,0.3318597078323364
5871,2019-12-02,0.7022994756698608,0.2977004647254944
5876,2019-12-02,0.7830528616905212,0.21694710850715637
5880,2019-12-02,0.5878962278366089,0.41210371255874634
5906,2019-12-02,0.5592948794364929,0.4407050609588623
5907,2019-12-02,0.7178832292556763,0.2821168005466461
6024,2019-12-02,0.7664575576782227,0.23354236781597137
6005,2019-12-02,0.4983966052532196,0.501603364944458
6108,2019-12-02,0.6754150986671448,0.32458487153053284
6112,2019-12-02,0.5018768310546875,0.4981231689453125
6115,2019-12-02,0.6002811789512634,0.3997187316417694
6116,2019-12-02,0.38915500044822693,0.6108450293540955
6120,2019-12-02,0.6997163891792297,0.3002835810184479
6117,2019-12-02,0.6986321210861206,0.3013678193092346
6128,2019-12-02,0.44385915994644165,0.5561408400535583
6131,2019-12-02,0.8356937170028687,0.16430622339248657
6133,2019-12-02,0.6045684814453125,0.39543142914772034
6136,2019-12-02,0.325427770614624,0.674572229385376
6139,2019-12-02,0.641288161277771,0.3587118089199066
6141,2019-12-02,0.7029752731323242,0.297024667263031
6142,2019-12-02,0.6886082291603088,0.3113917410373688
6152,2019-12-02,0.657796323299408,0.34220367670059204
6164,2019-12-02,0.3109852969646454,0.6890146732330322
6165,2019-12-02,0.11797879636287689,0.8820212483406067
6153,2019-12-02,0.7458773851394653,0.25412264466285706
6155,2019-12-02,0.695504903793335,0.30449503660202026
6166,2019-12-02,0.7072640657424927,0.29273584485054016
6172,2019-12-02,0.7566261887550354,0.2433738112449646
6168,2019-12-02,0.5246953964233398,0.47530460357666016
6177,2019-12-02,0.6403768658638,0.35962313413619995
6176,2019-12-02,0.4641740024089813,0.5358259677886963
6183,2019-12-02,0.6519261002540588,0.3480738699436188
6184,2019-12-02,0.49141180515289307,0.5085881948471069
6189,2019-12-02,0.581443190574646,0.4185568392276764
6192,2019-12-02,0.6570839285850525,0.34291601181030273
6191,2019-12-02,0.7626577615737915,0.23734219372272491
6196,2019-12-02,0.45578378438949585,0.5442161560058594
6197,2019-12-02,0.15942548215389252,0.8405745625495911
6201,2019-12-02,0.46827688813209534,0.5317230820655823
6202,2019-12-02,0.7026879191398621,0.29731208086013794
6205,2019-12-02,0.5850803256034851,0.4149197041988373
6206,2019-12-02,0.6488105654716492,0.3511894941329956
6209,2019-12-02,0.7095482349395752,0.29045170545578003
6213,2019-12-02,0.6829077005386353,0.31709226965904236
6214,2019-12-02,0.6634552478790283,0.3365446925163269
6215,2019-12-02,0.5775306820869446,0.42246928811073303
6216,2019-12-02,0.6188876032829285,0.38111236691474915
6224,2019-12-02,0.8028609752655029,0.1971389800310135
6225,2019-12-02,0.8160648941993713,0.18393509089946747
6226,2019-12-02,0.7210434079170227,0.2789566218852997
6230,2019-12-02,0.6321052312850952,0.3678947389125824
6235,2019-12-02,0.620310366153717,0.37968963384628296
6239,2019-12-02,0.7299794554710388,0.2700205147266388
6243,2019-12-02,0.7181546092033386,0.28184548020362854
6251,2019-12-02,0.757474958896637,0.24252499639987946
6257,2019-12-02,0.7390698194503784,0.26093021035194397
6269,2019-12-02,0.7451185584068298,0.25488147139549255
6278,2019-12-02,0.7188416123390198,0.2811584174633026
6277,2019-12-02,0.6092984080314636,0.3907015919685364
6271,2019-12-02,0.40289103984832764,0.5971089601516724
6281,2019-12-02,0.32740285992622375,0.6725971102714539
6282,2019-12-02,0.739469051361084,0.26053085923194885
6283,2019-12-02,0.7492349147796631,0.25076499581336975
6285,2019-12-02,0.6543624997138977,0.3456375002861023
6288,2019-12-02,0.652347981929779,0.3476519286632538
6289,2019-12-02,0.20128245651721954,0.7987174987792969
6405,2019-12-02,0.6667374968528748,0.33326247334480286
6409,2019-12-02,0.18772006034851074,0.8122799396514893
6412,2019-12-02,0.7894761562347412,0.21052387356758118
6414,2019-12-02,0.7370745539665222,0.26292532682418823
6415,2019-12-02,0.4293982684612274,0.5706017017364502
6416,2019-12-02,0.7329117655754089,0.2670883238315582
6431,2019-12-02,0.33013051748275757,0.6698694229125977
6442,2019-12-02,0.6796795725822449,0.3203204274177551
6443,2019-12-02,0.7280288338661194,0.27197107672691345
6451,2019-12-02,0.8276258707046509,0.17237406969070435
6449,2019-12-02,0.6992311477661133,0.30076876282691956
6456,2019-12-02,0.23886898159980774,0.7611309885978699
6452,2019-12-02,0.8021734356880188,0.1978265345096588
6464,2019-12-02,0.2533024847507477,0.7466974258422852
6504,2019-12-02,0.6056385636329651,0.3943614065647125
6477,2019-12-02,0.5847080945968628,0.4152919352054596
6505,2019-12-02,0.6198994517326355,0.3801005482673645
6525,2019-12-02,0.7519374489784241,0.24806250631809235
6531,2019-12-02,0.11640699207782745,0.883592963218689
6541,2019-12-02,0.757840633392334,0.24215933680534363
6533,2019-12-02,0.64748215675354,0.35251784324645996
6552,2019-12-02,0.7912525534629822,0.2087474763393402
6558,2019-12-02,0.7611992359161377,0.2388007640838623
6573,2019-12-02,0.3333074450492859,0.6666924953460693
6579,2019-12-02,0.5822527408599854,0.41774722933769226
6581,2019-12-02,0.39021673798561096,0.6097832322120667
6582,2019-12-02,0.6976771354675293,0.3023228049278259
6591,2019-12-02,0.22353169322013855,0.7764683365821838
6605,2019-12-02,0.6528875827789307,0.3471124470233917
6641,2019-12-02,0.6930359601974487,0.3069639801979065
6625,2019-12-02,0.33752331137657166,0.6624767184257507
6655,2019-12-02,0.4958932101726532,0.5041068196296692
6666,2019-12-02,0.6851212978363037,0.3148786723613739
6668,2019-12-02,0.6987566351890564,0.30124330520629883
6669,2019-12-02,0.6253471374511719,0.37465280294418335
6670,2019-12-02,0.7340523600578308,0.265947550535202
6671,2019-12-02,0.6925330758094788,0.30746689438819885
6672,2019-12-02,0.7218644618988037,0.2781355082988739
6674,2019-12-02,0.6277123093605042,0.37228766083717346
8011,2019-12-02,0.7899462580680847,0.21005365252494812
8016,2019-12-02,0.7611188888549805,0.23888099193572998
8021,2019-12-02,0.7362690567970276,0.26373091340065
8028,2019-12-02,0.8003953099250793,0.19960464537143707
8046,2019-12-02,0.7969914078712463,0.20300857722759247
8033,2019-12-02,0.7653318047523499,0.23466819524765015
8039,2019-12-02,0.3174363374710083,0.6825636029243469
8070,2019-12-02,0.712386429309845,0.28761351108551025
8072,2019-12-02,0.3946031928062439,0.6053967475891113
8081,2019-12-02,0.6204394698143005,0.3795604705810547
8103,2019-12-02,0.3324015736579895,0.6675984263420105
8101,2019-12-02,0.4211166799068451,0.5788832902908325
8104,2019-12-02,0.5990384817123413,0.4009614884853363
8105,2019-12-02,0.2731291949748993,0.7268708348274231
8110,2019-12-02,0.5009555220603943,0.4990444481372833
8112,2019-12-02,0.7377774715423584,0.26222240924835205
8114,2019-12-02,0.4612063765525818,0.5387936234474182
8131,2019-12-02,0.6775603890419006,0.322439581155777
8150,2019-12-02,0.7424629330635071,0.25753700733184814
8163,2019-12-02,0.6583349704742432,0.34166502952575684
8201,2019-12-02,0.4701012969017029,0.5298986434936523
8210,2019-12-02,0.7818211317062378,0.218178853392601
8213,2019-12-02,0.7042396664619446,0.2957603633403778
8215,2019-12-02,0.6502693295478821,0.3497306704521179
8222,2019-12-02,0.5122477412223816,0.4877522587776184
8261,2019-12-02,0.6823058724403381,0.3176940977573395
8249,2019-12-02,0.5518936514854431,0.4481063485145569
8271,2019-12-02,0.6899892091751099,0.31001076102256775
8341,2019-12-02,0.3917456269264221,0.6082543134689331
8367,2019-12-02,0.30483460426330566,0.6951653957366943
8411,2019-12-02,0.3695041835308075,0.6304957270622253
8404,2019-12-02,0.3841347396373749,0.6158652901649475
8374,2019-12-02,0.5585479736328125,0.4414520263671875
8422,2019-12-02,0.7053920030593872,0.2946079671382904
8427,2019-12-02,0.299452543258667,0.700547456741333
8429,2019-12-02,0.7720202207565308,0.22797967493534088
8442,2019-12-02,0.6856902837753296,0.314309686422348
8443,2019-12-02,0.6895650625228882,0.31043487787246704
8454,2019-12-02,0.3824359178543091,0.6175640821456909
8462,2019-12-02,0.7589994668960571,0.24100054800510406
8463,2019-12-02,0.8112877607345581,0.18871226906776428
8464,2019-12-02,0.7187010049819946,0.281298965215683
8466,2019-12-02,0.48866933584213257,0.5113305449485779
8467,2019-12-02,0.37475743889808655,0.6252424716949463
8473,2019-12-02,0.7252259850502014,0.27477404475212097
8478,2019-12-02,0.5521733164787292,0.44782668352127075
8480,2019-12-02,0.7623128294944763,0.2376871407032013
8481,2019-12-02,0.4969359040260315,0.5030640363693237
8482,2019-12-02,0.36554092168807983,0.6344590187072754
8488,2019-12-02,0.6981593370437622,0.3018406927585602
8497,2019-12-02,0.7025356888771057,0.2974643111228943
8499,2019-12-02,0.8111425042152405,0.1888575255870819
8926,2019-12-02,0.6636559963226318,0.3363439738750458
8940,2019-12-02,0.29337435960769653,0.7066256403923035
8996,2019-12-02,0.7294296622276306,0.270570307970047
9802,2019-12-02,0.5958384275436401,0.4041614830493927
9902,2019-12-02,0.49533993005752563,0.5046600103378296
9904,2019-12-02,0.7948355078697205,0.20516449213027954
9905,2019-12-02,0.4996039569377899,0.5003960132598877
9906,2019-12-02,0.27453911304473877,0.7254608869552612
9908,2019-12-02,0.6716042757034302,0.3283957242965698
9907,2019-12-02,0.6635974049568176,0.33640262484550476
9910,2019-12-02,0.5182164311408997,0.48178359866142273
9911,2019-12-02,0.431332528591156,0.5686674118041992
9912,2019-12-02,0.287445604801178,0.712554395198822
9917,2019-12-02,0.3487203121185303,0.6512795686721802
9914,2019-12-02,0.6486842036247253,0.3513157069683075
9918,2019-12-02,0.5368121862411499,0.4631877839565277
9919,2019-12-02,0.4467700123786926,0.5532299876213074
9921,2019-12-02,0.7146015167236328,0.2853984534740448
9924,2019-12-02,0.6453692317008972,0.3546306788921356
9925,2019-12-02,0.5283269882202148,0.4716729521751404
9926,2019-12-02,0.5392951965332031,0.4607048034667969
9927,2019-12-02,0.5936415791511536,0.40635836124420166
9928,2019-12-02,0.37532714009284973,0.6246728301048279
9929,2019-12-02,0.16283626854419708,0.8371637463569641
9930,2019-12-02,0.5022761225700378,0.49772384762763977
9931,2019-12-02,0.6244863867759705,0.37551361322402954
9933,2019-12-02,0.40031859278678894,0.5996813178062439
9934,2019-12-02,0.7376135587692261,0.2623863220214844
9935,2019-12-02,0.7593321204185486,0.2406679093837738
9938,2019-12-02,0.5598049163818359,0.4401950240135193
9937,2019-12-02,0.2119259238243103,0.7880740761756897
9940,2019-12-02,0.6831411719322205,0.31685879826545715
9939,2019-12-02,0.6097105145454407,0.3902894854545593
9941,2019-12-02,0.6850040555000305,0.3149959444999695
9944,2019-12-02,0.4673006236553192,0.5326992869377136
9942,2019-12-02,0.658473789691925,0.3415260910987854
9945,2019-12-02,0.6468822956085205,0.3531176745891571
9943,2019-12-02,0.3928391635417938,0.6071608066558838
9946,2019-12-02,0.729844868183136,0.270155131816864
9955,2019-12-02,0.40999963879585266,0.5900002717971802
9958,2019-12-02,0.7929919958114624,0.20700791478157043
